Title,Location,Pubication date,Link,Summary
Java Developer - Remote,Data not Availible,1 day ago,https://www.indeed.com/rc/clk?jk=7580597e427c6e45&fccid=fc68da685e8aa986&vjs=3,The Java Developer will be responsible for the development of APIs. Collaborate with team members to build software products/applications.
Web Developer (HTML/CSS) - Remote,New York State,7 days ago,https://www.indeed.com/rc/clk?jk=2b2cb0e003ae9a8e&fccid=66c3aef7c5af8514&vjs=3,We are looking for a passionate web developer to continuously implement and refine the visual design of our new website working with our UX/design lead and…
Software Developer & Programmer (Remote),Data not Availible,12 days ago,https://www.indeed.com/rc/clk?jk=37e188fe2870e156&fccid=76a90362ca7428dd&vjs=3,"Eastern Standard Time (EST) is preferred but not required. Computer, phone, and internet service will be provided by the employer."
Junior Developer (Remote),"Detroit, MI",30+ days ago,https://www.indeed.com/rc/clk?jk=eee6c47443027ecd&fccid=016d09510c0a85a0&vjs=3,"You have some college, or even a degree - and now you want to move purposefully to employment in software. Development and deployment of computer applications."
Site Developer (Remote),United States,6 days ago,https://www.indeed.com/rc/clk?jk=30ec8c9f1ce146d7&fccid=e483dd8837483fc5&vjs=3,The successful applicant will leverage EVgo’s analytical tools and resources to vet potential EV charging sites and develop partnerships with existing and…
Front-End Developer (Remote),Data not Availible,30+ days ago,https://www.indeed.com/rc/clk?jk=46eb9658bd03424c&fccid=c808280161e8150f&vjs=3,"As a Front-End Developer at iTech Media, you’ll work as a part of cross-functional squad to deliver a product roadmap, producing web and mobile experiences…"
Jr. Web Developer,Data not Availible,15 days ago,https://www.indeed.com/rc/clk?jk=fd68bd769c48ce7f&fccid=6909ac136d4126f4&vjs=3,We have an exciting new opportunity for a budding web developer or web designer emerging into the world of software design and development.
Front End Developer,Data not Availible,7 days ago,https://www.indeed.com/rc/clk?jk=21b25dbf71179e31&fccid=2b5657b7f7a439d2&vjs=3,"Someone with a great understanding of developing for the web. The ability to participate in the complete lifecycle of a feature, including contributing to…"
C++ Developer,Data not Availible,30+ days ago,https://www.indeed.com/rc/clk?jk=6a20315d68aa2a45&fccid=466caf7a8847bc82&vjs=3,"Must be able to work effectively with a remote team. On our team, you will be designing, developing, and supporting the core functionality that drives our…"
Freelance Front End Developer,Data not Availible,5 days ago,https://www.indeed.com/rc/clk?jk=66f688ceab25ba4a&fccid=39e9814c7cebaf41&vjs=3,"You grasp the implications of back-end API integrations, and can effectively communicate functional dependencies to back-end developers, designers, producers…"
