Title,Location,Pubication date,Link
Java Developer - Remote,Data not Availible,1 day ago,https://www.indeed.com/rc/clk?jk=7580597e427c6e45&fccid=fc68da685e8aa986&vjs=3
Web Developer (HTML/CSS) - Remote,New York State,7 days ago,https://www.indeed.com/rc/clk?jk=2b2cb0e003ae9a8e&fccid=66c3aef7c5af8514&vjs=3
Software Developer & Programmer (Remote),Data not Availible,12 days ago,https://www.indeed.com/rc/clk?jk=37e188fe2870e156&fccid=76a90362ca7428dd&vjs=3
Junior Developer (Remote),"Detroit, MI",30+ days ago,https://www.indeed.com/rc/clk?jk=eee6c47443027ecd&fccid=016d09510c0a85a0&vjs=3
Front-End Developer (Remote),Data not Availible,30+ days ago,https://www.indeed.com/rc/clk?jk=46eb9658bd03424c&fccid=c808280161e8150f&vjs=3
Site Developer (Remote),United States,6 days ago,https://www.indeed.com/rc/clk?jk=30ec8c9f1ce146d7&fccid=e483dd8837483fc5&vjs=3
Jr. Web Developer,Data not Availible,15 days ago,https://www.indeed.com/rc/clk?jk=fd68bd769c48ce7f&fccid=6909ac136d4126f4&vjs=3
Front End Developer,Data not Availible,7 days ago,https://www.indeed.com/rc/clk?jk=21b25dbf71179e31&fccid=2b5657b7f7a439d2&vjs=3
C++ Developer,Data not Availible,30+ days ago,https://www.indeed.com/rc/clk?jk=6a20315d68aa2a45&fccid=466caf7a8847bc82&vjs=3
Full-Stack Developer (Remote),Data not Availible,30+ days ago,https://www.indeed.com/rc/clk?jk=148c27c7bb96f38e&fccid=c808280161e8150f&vjs=3
GAME DEVELOPER,Data not Availible,Today,https://www.indeed.com/rc/clk?jk=4c59f25af52f5606&fccid=7ecdf3739745bed2&vjs=3
Freelance Front End Developer,Data not Availible,5 days ago,https://www.indeed.com/rc/clk?jk=66f688ceab25ba4a&fccid=39e9814c7cebaf41&vjs=3
Software Developer,Data not Availible,30+ days ago,https://www.indeed.com/rc/clk?jk=6ab598c582f09ba0&fccid=fa01c9930e595169&vjs=3
VR Developer,Data not Availible,6 days ago,https://www.indeed.com/rc/clk?jk=30a1c233f27b60a1&fccid=003d385c80c5751c&vjs=3
Software Developer - Entry Level,"Chico, CA 95973",30+ days ago,https://www.indeed.com/rc/clk?jk=de18f16111ee7065&fccid=fb7807ebe043558b&vjs=3
